id,name,description,manufacturer,price
http://www.google.com/base/feeds/snippets/5506083081141279166,punch software 26100 punch! master landscape and home design (small box),punch! master landscape & home design offers an extensive plantings database deck topography and new technology integrating your actual home photos into infinite 3d views. punch! master landscape & home design includes an extensive sortable ...,punch software,45.99
http://www.google.com/base/feeds/snippets/18286585073343765950,tri synergy inc oxford world encyclopedia,here is an authoritative stimulating and up-to-date reference work with over 1.5 million words and 20000 entries. oxford world encyclopedia is the first in a new series of reference works from oxford university press featuring ifinger's software,,16.31
http://www.google.com/base/feeds/snippets/11029185598470444071,instant immers japanese dlx 2.,topics entertainment instant immersion japanese deluxe 2.0 from the publisher of the nation's 1 selling instant immersion language line comes instant immersion japanese deluxe a comprehensive approach to language study focusing on listening reading ...,,36.11
http://www.google.com/base/feeds/snippets/17724977097925207764,allume systems inc mediarecover,mediarecover retrieves your lost photos audio and videos from your cameras pdas and cellular phone's removable memory devices. system requirements: microsoft windows xp or vista or macintosh os x 10.3.9 or higher universal binary. com,,26.14
http://www.google.com/base/feeds/snippets/16744224390148606478,masque publishing best of slots ii,actual casino slot machines from bally gaming! play the most popular slots from the casino featuring the hottest games from bally gaming. actual casino slot action can be found in these authentic replications playable on your home computer. sys,,8.46
http://www.google.com/base/feeds/snippets/16874485945364761422,aspyr media inc travelogue 360: paris,,,27.99
http://www.google.com/base/feeds/snippets/17133221075889749370,encore software 10485 - encore printmaster v.17.0 platinum - complete product - creativity application - 1 user - complete product - standard - pc,encore software 10485 : if you've got a passion for creative self-expression you'll find endless inspiration in this sophisticated easy-to-use program. enjoy all of the great features you expect from printmaster plus brilliant upgrades that make ...,,33.97
http://www.google.com/base/feeds/snippets/7744548491761569898,sims 2 open for business,system requirements: requires the full version of the sims 2 for mac os x to play. operating system: mac os x 10.3.9 or later cpu processor: powerpc g4/g5 or intel chipset cpu speed: 1.2ghz or faster memory: 256 mb or higher (512 mb recommended) ...,,34.99
http://www.google.com/base/feeds/snippets/11022538834870557563,zonealarm internet security suite 2007 (pc) zonelabs,key features: all-in-one protection antivirus protection identity theft protection firewalls e-mail security parental control...,,49.99
http://www.google.com/base/feeds/snippets/124870490385972224,microsoft 121-00324 - visual studio team suite 2005 with msdn premium subscriptions - complete product - software development - standard - 1 user(s) - complete product - english - pc- free shipping,microsoft 121-00324 : design develop and test modern service-oriented solutions. team suite combines the visual studio team system role-based products into a set that address the needs of multifunctional roles in an organization. with visual ...,,10015.97
http://www.google.com/base/feeds/snippets/18396354299258717606,autodesk 34006-010008-160 raster design 2006 essentials,raster design 2006 essentials,autodesk,52.99
http://www.google.com/base/feeds/snippets/11038012533329162078,encore software 11430 - axis & allies collectors edition - win 98 me 2000 xp,encore software 11430 : axis & allies puts wwii in your hands! direct land sea and air units and experience the most epic battles in real time! system requirements: operating system: windows 98se/me/2000/xp processor: pentium iii 1.5 ghz (pentium ...,,18.97
http://www.google.com/base/feeds/snippets/17192736847409473684,individual software inc total 3d home & landscape deluxe 9,home and landscape design software designed for homeowners. whether you are decorating a room landscaping your garden or designing your dream home you'll have all the tools you need. system requirements: pentium iii pc or faster,,33.5
http://www.google.com/base/feeds/snippets/14493833507639383996,mp3 radio recorder for ipod,overview now legal mp3 recording from the webcast music server made possible with x-oom mp3 radio recorder for ipod. webcast is a webbased radio streaming server. it is widely used by a lot of people so you can freely listen to your favourite music. ...,,22.9
http://www.google.com/base/feeds/snippets/7898902077337932386,corel painter x,system requirements mac os x (version 10.3.9 or higher with latest revision applied) macintosh® computer with a 700 mhz or faster power pc® g4 power pc g5 or intel® processor 256 mb of ram (512 mb recommended) mouse or tablet 24-bit color display ...,,395.99
http://www.google.com/base/feeds/snippets/17229680859570691562,punch software pro platinum v 12.0,punch! professional home design platinum v12 adds improved performance and feature set to the already easy-to-use industry leader in home and landscape design. system requirements: intel pentium celeron xeon or centrino or amd,,87.61
http://www.google.com/base/feeds/snippets/528675562457283213,adobe photoshop elements 4.0 mac academic,system requirements: powerpc® g3 g4 or g5 processor mac os x v.10.3 or 10.4 256mb of ram 750mb of available hard-disk space 1024x768 16-bit (xga) display cd-rom drive product datasheet [pdf: 1.1mb],,69.99
http://www.google.com/base/feeds/snippets/17149576701498164512,emedia music corp emedia piano & keyboard method,emedia piano and keyboard method cd-rom offers everything you need to learn how to play. over 300 step-by-step lessons start from basics such as hand position rhythm and playing on black keys and move on to music notation sight reading scales ...,,49.21
http://www.google.com/base/feeds/snippets/4436087621332035022,me too software i transfer dvds 2 ipod,,,29.99
http://www.google.com/base/feeds/snippets/17467141222535233488,intuit inc quicken home inventory manager,quicken home inventory manger makes it easy to prepare for any eventuality by keeping an accurate inventory of your belongings. system requirements: windows 2000/2003/xp/vista ibm or compatible pentium 200(pentium ii 300 reco,,29.78
http://www.google.com/base/feeds/snippets/18251424810598585817,csdc liquid ledger personal finance - modeless software,personal finance software for max os x. liquid ledger is a personal accounting solution that can help you analyse monthly spending and find cash you never knew you had. it offers a comprehensive set of accounting tools to help you track banking and ...,,71.01
http://www.google.com/base/feeds/snippets/18259447335875519213,orion/imaginova starry night galaxy explorer,pilot a starship through intergalactic space blast off earth and fly to over 28000 galaxies. learn detailed information through the skyguide as you explore the 3-d universe. even examine the structure of the universe from up to 700 million light y,,8.8
http://www.google.com/base/feeds/snippets/4025192676992669735,punch software 86100 - prof home design platinum v10 sb - win 98 me nt 2000 xp,punch software 86100 : punch! professional home design suite platinum? is a special two-for-one package loaded with incredible capabilities. you get all of the features of both industry-acclaimed punch! master landscape & home design? and punch! ...,,84.97
http://www.google.com/base/feeds/snippets/17165389585205797735,micromat inc. diskstudio,how often have you wished that you could change the partitioning scheme of your hard drive but not wanted to go through the trouble of completely erasing and reinitializing your hard drive to do so? now using diskstudio you are able to do this ...,,43.36
http://www.google.com/base/feeds/snippets/18053348848713858697,allume internet cleanup 4.0,requires mac os x 10.4 or later...,,29.99
http://www.google.com/base/feeds/snippets/10073523251870401694,global software a1826m2w - dk amazing animals 1.1 - win 95 98 2000 xp vista,global software a1826m2w : meet your cd host henry a delightful 3-d animated lizard who will lead you through the wonderful world of the animal kingdom! the amazing animal expert notebook is packed with photos maps sounds and amazing animal facts ...,,9.08
http://www.google.com/base/feeds/snippets/2284241765475162173,civilization iv warlords expansion for mac,requires the full version of civilization iv for mac os x to play minimum system requirements operating system: mac os x 10.3.9 or later cpu processor: powerpc g5 or intel cpu speed: 1.8 ghz or faster memory: 512 mb or higher hard disk space: 3.5 gb ...,,29.99
http://www.google.com/base/feeds/snippets/13078719460791292222,microsoft money 2007 home and business (pc),key features: create invoices process payroll free bonus services...,,89.99
http://www.google.com/base/feeds/snippets/11023384475486845617,punch software 20100 punch! 5 in 1 home design,total interior and exterior home design with realistic high-resolution 3d graphics! 20100 punch software,punch software,35.99
http://www.google.com/base/feeds/snippets/18046511712294457433,emedia music corp emedia guitar basics,a fun way to learn acoustic or electric guitar at your own pace. songs and exercises are accompanied by full-motion videos. the easiest way to get started! over 20 songs over 40 lessons automatic tuner animated fretboard 20-chord dictionary ...,,16.64
